pesel;name;surname;email;phone_num;born;address;disability;medical_specialization
75588613502;Rosella;Pouros;TyNBGiZoUj@example.com;456141616;Dec 11 1938;535 Deckow Cape;0;Allergy and immunology
29166222966;Felicidad;Gleichner;XuFDfTyBoo@example.com;113892041;Sep 20 1960;1813 Charles Island;1;Family medicine
19888208232;Sylvester;Crona;fxmHhPbiVQ@example.com;437545488;Dec 1 1997;70556 Gleason Harbors;0;Allergy and immunology
70346280165;Steffanie;Torphy;SDJJVjGqZt@example.com;538524702;Oct 14 1990;1621 Carroll Springs;1;Urology
57931313398;Marylou;Mayert;HrQcyoyOMW@example.com;570385911;Dec 20 1959;81937 Hans Overpass;0;Allergy and immunology
61850300059;Bart;Nienow;SPFkNsAvTy@example.com;532973514;Sep 24 1988;692 Diamond Club;0;Radiation oncology
81511972456;Octavio;Mills;DUTjIYwCaM@example.com;565876148;Jun 18 1996;763 Jonah Gardens;0;Nuclear medicine
14414024495;Kent;Hauck;NOQylcyXeu@example.com;635126228;May 6 1991;211 Haley Road;0;Preventive medicine
71454965521;Jadwiga;Ortiz;IQwZhjtjcp@example.com;781433500;Oct 9 1926;630 Jason Stream;1;Psychiatry
84647309634;Ernie;Stark;aeXxYqSnTH@example.com;287673654;Jun 13 1959;939 Halvorson Keys;0;Allergy and immunology
47453408373;Miguel;Stamm;SvtVhQiISU@example.com;155192660;Apr 2 1975;54147 Josef Causeway;1;Urology
52200413054;Pok;Nolan;QJIEkExEvB@example.com;565685667;Dec 16 1960;939 Randi Shoal;0;Allergy and immunology
22607813523;Terrence;Wyman;fkxktuZGLZ@example.com;135987214;Aug 16 1937;76333 Giovanni Viaduct;1;Neurology
36763021093;Ariel;Tillman;AeGUxQQYqZ@example.com;125309806;Mar 27 1965;852 Maria Lock;0;Anesthesiology
47451081814;Lisandra;Thompson;logYyQyJtt@example.com;182373065;Oct 10 1952;23213 Rogelio Extension;1;Nuclear medicine
89756346855;Dudley;Howell;PbsaybXhUP@example.com;864984982;Jul 20 1933;1553 Kimberly Spurs;1;Dermatology
19284820324;Trang;Stoltenberg;ZNtAhNBdjN@example.com;634164692;May 7 2008;86094 Corwin Rapid;1;Radiation oncology
48901565150;Lucile;Renner;imbBnoMtHR@example.com;126475152;May 2 1991;5380 Renata Crest;0;Neurology
96116533491;Lloyd;Kuphal;HAaHdQAhse@example.com;273004639;Jul 30 1995;16506 Nolan Curve;1;Family medicine
70265621537;Tula;Sipes;GujvlyAdrw@example.com;802099157;Apr 9 1934;29950 Gusikowski Lock;0;Urology
51740506089;Jason;Kreiger;SSfWwkNRRl@example.com;585779952;Jan 26 1999;0720 Arturo Curve;0;Neurology
65777898681;Wynona;Kunze;NtLGjmrYTz@example.com;437802498;Nov 27 1955;95652 Russel Radial;1;Dermatology
27576117170;Anthony;Miller;sihsyuDAyx@example.com;497753526;Jul 8 1985;008 Charlena Island;0;Ophthalmology
35478398599;Louvenia;Jacobson;djyLlsIXrm@example.com;587818772;Feb 5 2000;74677 Brigid Vista;0;Preventive medicine
41931044707;Rolf;Schmitt;BjAXmNtsCK@example.com;176104034;Jan 15 1928;6583 Barton View;1;Psychiatry
88017103370;Nicky;Wilderman;nLRnEtREzl@example.com;164741582;May 12 1980;702 Johnson Gardens;1;Ophthalmology
58013383156;Tuan;Miller;eLWJYNpzIx@example.com;284614878;May 4 1989;85629 Waelchi Skyway;1;Dermatology
17988072448;Estell;Pfannerstill;WgMEKPXzns@example.com;449842941;Dec 6 1972;05472 Adams Summit;1;Neurology
72870110046;Orpha;Mitchell;jibDKFPGRi@example.com;455717639;Apr 14 1967;1750 Damaris Harbors;0;Dermatology
74954358685;Lolita;Parisian;xcVhLQEomh@example.com;226174283;Mar 29 1935;683 Jesus Common;1;Physical medicine and rehabilitation
26397142350;Kyle;Ziemann;JNNelXVqIl@example.com;728557406;Oct 6 1992;936 Fadel Locks;1;Medical genetics
92694704435;Cristopher;Zemlak;hocWkGEBPX@example.com;758362368;Mar 15 1937;1766 Arlena Estate;0;Pediatrics
80904575595;Leonardo;Upton;NubXgoCQRO@example.com;463533971;May 18 2003;2306 Derek Plain;0;Psychiatry
43599805179;Thuy;Schuppe;kHqQhYaifx@example.com;774350356;Dec 31 1936;509 Keenan Station;1;Emergency medicine
13498125496;Jadwiga;Heathcote;ITYRguemyv@example.com;916743825;Jul 2 1934;741 Jerry Alley;0;Psychiatry
16438344690;Florence;Trantow;mSwvMiVtsS@example.com;609506401;Jun 14 1959;17590 O'Reilly Centers;0;Allergy and immunology
45830174597;Albert;Goodwin;CyGGomVuWi@example.com;932292521;Feb 13 1993;9590 Ernser Field;1;Anesthesiology
97342491193;Gretchen;Emmerich;UOuZLiPsJR@example.com;865461165;Aug 18 2002;4388 Nigel Rapid;0;Dermatology
98393847017;William;Swaniawski;xOkNPjGSXi@example.com;500948453;Feb 2 1960;01204 Emmanuel Fall;0;Neurology
94545882895;Joey;Erdman;lIJEOjIksr@example.com;862305115;Nov 5 1928;470 Schoen Landing;0;Obstetrics and gynecology
16157133647;Shelli;Leuschke;uZHLvDBzUT@example.com;534725600;Aug 11 1958;776 Jacobi Keys;0;Pathology
28320442439;Aurelia;Terry;ndYWvkQXSn@example.com;919406221;Jul 10 1931;11650 Elisha Isle;1;Ophthalmology
78490722867;Ilse;Hartmann;xcXfEKdaGt@example.com;820071585;Aug 11 1942;58182 Hauck Forks;0;Internal medicine
42278930500;Gail;Swaniawski;ywccypqZuv@example.com;814162118;Oct 28 1953;0233 Towne Island;1;Pathology
37905559322;Sherri;Trantow;uXKiOUBllR@example.com;593270558;Jul 19 2003;98061 Wisozk Radial;1;Diagnostic radiology
22943668164;Annita;Beatty;oUtJFZXejP@example.com;842429045;Oct 31 1999;659 Haley Crescent;0;Obstetrics and gynecology
94734695163;Jerold;Medhurst;MItZVmnowp@example.com;507762187;Jan 15 1992;719 Ilene Flats;1;Physical medicine and rehabilitation
45341683400;Kristeen;Wyman;ZxAVcXbzyv@example.com;937758638;Aug 3 1936;662 Lyman Mills;0;Surgery
40269480039;Mabelle;Price;aGvGVJgFck@example.com;552993978;Oct 21 1944;9653 Deidre Cliffs;0;Anesthesiology
64364703795;Franklin;Runte;WFEuvMZYhM@example.com;210647234;Jul 19 1974;01823 Farrell Bridge;1;Anesthesiology
49746255172;Jerica;Weber;foWFnIseQj@example.com;778724900;Nov 20 2019;68702 Koelpin Port;0;Diagnostic radiology
87642318754;Jodee;Kreiger;VmBAmwaHXw@example.com;933014482;May 2 1958;273 Alberto Center;0;Psychiatry
49896795722;Caroll;Powlowski;CbleLsDbxZ@example.com;329022419;May 16 1949;0835 Georgiana Pine;1;Anesthesiology
70415693148;Lashawna;Oberbrunner;FwpPqvzhIX@example.com;743563294;Mar 30 1997;9004 Bruen Village;1;Preventive medicine
69897154166;Earnest;Rodriguez;YOFypMIclt@example.com;228653555;Jun 10 2018;28001 Kshlerin Path;0;Anesthesiology
75011895110;Elwood;Pagac;MjvPQSLfAd@example.com;225049917;Apr 29 1942;87291 Frankie Camp;1;Family medicine
24114322700;Alfred;Okuneva;eIObyvVFio@example.com;242598433;Mar 18 1965;8037 Wayne Rapid;1;Neurology
35350656837;Spencer;Goldner;cXhHtEAhqC@example.com;178220743;Sep 25 1986;86540 Elizbeth Ranch;0;Dermatology
84697757740;Bernita;Brekke;dhpwHYVzDR@example.com;667021208;Feb 16 1962;935 Dietrich Trace;1;Medical genetics
74286195644;Analisa;Grant;WMzpvrTdBd@example.com;798494660;Jun 24 2001;31577 Ondricka Mission;0;Neurology
81297317312;Kara;Marks;saAdMmzZVY@example.com;515852003;Apr 28 1955;0173 Simon Course;0;Family medicine
47285945887;Eloy;Runolfsdottir;nEMWkROhzV@example.com;907383412;May 2 1944;66071 Parker Throughway;0;Physical medicine and rehabilitation
74045938952;Winnie;Hirthe;ibhqaCmGBn@example.com;885228710;May 10 1937;584 Helaine Locks;1;Psychiatry
35271534132;Ross;Wisoky;uUqRvFCiIv@example.com;224883980;Oct 30 1957;7394 Schmeler Junctions;1;Diagnostic radiology
99175649062;Haywood;Hahn;SslDBfZcDk@example.com;315488929;Aug 30 2008;27297 Tobias Camp;0;Psychiatry
54760418205;Chery;Gerlach;olYlmQFLqx@example.com;849594061;Nov 12 1996;4939 Hyatt Park;1;Preventive medicine
33467279009;Archie;Kulas;IWfspsIuHs@example.com;986582716;Apr 26 2010;887 Scotty Island;1;Surgery
61266973612;Estrella;Hagenes;IpwCFAlPKl@example.com;629120269;Apr 23 1972;13735 Garland Gardens;0;Internal medicine
98678563284;Coreen;Dicki;orQnNEQldd@example.com;422371668;Dec 28 1985;12624 Patrick Curve;0;Medical genetics
82659767936;Tracie;Kuphal;oxdKSVLlal@example.com;515461824;Apr 1 2001;046 Parker Viaduct;1;Psychiatry
99616590322;Leigh;Borer;ILYIQSfoMd@example.com;244176630;Apr 4 1995;756 Ziemann Street;1;Dermatology
38554193523;Sidney;Hahn;IwDglFBOqu@example.com;804627338;Nov 10 1997;36124 Gerry Springs;1;Surgery
77124925804;Elva;Brown;njkMjUWzEY@example.com;356729283;Jul 16 1926;749 Price Villages;1;Anesthesiology
17574151938;Viva;Rogahn;pqbAhroXBC@example.com;847413763;Nov 11 1930;6382 Rosio Flat;1;Pathology
77839183623;Vania;Blick;uIVVwXeJfb@example.com;602378084;Aug 11 2005;36978 Hoppe Burg;1;Urology
66028573471;Youlanda;Harris;OtfEjznDqM@example.com;591039422;May 8 1953;9373 Gregory Crest;0;Pathology
91438805686;Abbie;Lindgren;SCTKeaVUud@example.com;776054473;Aug 20 2011;3384 Sherman Causeway;1;Ophthalmology
13609312190;Erin;Predovic;skyBfbBBNP@example.com;315191873;Sep 12 1996;668 Alethea Ville;0;Ophthalmology
14350347211;Priscila;Schuppe;tAspfkuTpB@example.com;512193038;Dec 22 2006;83830 Carola Groves;0;Diagnostic radiology
64220236621;Royce;Hermann;GTcVStWlBh@example.com;542576861;Feb 17 1932;08979 Johnathan Mountain;0;Medical genetics
89369510480;Brendon;Murray;rkypsAMLVk@example.com;127823634;May 11 1956;86439 Oberbrunner Course;1;Dermatology
12305218019;Trenton;Ryan;iLqtoWhOtk@example.com;465450798;Aug 16 1937;4585 Alden Trace;1;Radiation oncology
37715407007;Barrett;Gulgowski;lMXDcWjMZl@example.com;563216643;Sep 16 1996;637 Roger Prairie;1;Internal medicine
65209035352;Carrol;Swaniawski;giXvjBarfS@example.com;975669937;Aug 27 1934;6636 Lessie Forest;1;Internal medicine
39643209333;Rosaria;Boehm;egUMLyeVtb@example.com;149340286;Aug 27 1971;40268 Jacobson Ramp;0;Allergy and immunology
98465282162;Beth;Koss;dOasgRRoti@example.com;239312603;Apr 23 2002;853 Okuneva Parks;1;Internal medicine
81527908346;Denny;Kessler;slFVuZSWSf@example.com;479845379;Oct 2 2000;770 Adeline Crest;1;Internal medicine
18748588314;Jordon;Gerlach;RFnGWZZHuE@example.com;939288417;Apr 7 1969;95434 Mason Stream;1;Pediatrics
77676298578;Victor;Huels;SZlnMzMGml@example.com;755288475;Sep 3 1949;8224 Prosacco Street;1;Neurology
63795946008;Felix;Farrell;VKwZoePePv@example.com;158606806;Jan 31 1992;250 Brittanie Corners;0;Nuclear medicine
23729616576;Rafaela;Bode;cbPavNBvMQ@example.com;628339159;Sep 7 1936;67469 Dan Mountains;0;Internal medicine
20860999630;Kristeen;Lehner;ZwArpPACDb@example.com;404464829;Oct 19 1955;325 Macejkovic Greens;0;Pediatrics
93116415641;Olive;Labadie;OMzGxShrWM@example.com;651229816;Jul 4 2016;15424 Christie Mount;0;Neurology
15082061406;Erik;Harvey;GEBWMRjszu@example.com;167524693;Aug 30 2008;64789 Hansen Estates;0;Emergency medicine
31343287452;Janett;Kirlin;EwKqQBJvNK@example.com;181317223;Oct 16 1989;17899 Gleichner Port;1;Surgery
37893159484;Daniel;Christiansen;dDpFKfpFWU@example.com;923110315;Apr 4 1940;3567 Carroll Divide;0;Psychiatry
23173713399;Josh;Lubowitz;dAJkPcnOdV@example.com;732770076;Dec 7 1959;169 Braun Freeway;0;Emergency medicine
23679716319;Cher;Christiansen;tqPqluVOzI@example.com;982665760;Aug 11 1957;17338 Sydney Parkway;0;Radiation oncology
68766887536;Siobhan;Feeney;fJRflGIGxH@example.com;421667217;Apr 18 1955;7250 Arthur Club;1;Internal medicine
33364519967;Hosea;Gaylord;gSGeZmBdRk@example.com;789182397;Oct 22 1996;057 Adolfo Cove;1;Emergency medicine
98942418371;Krystina;Zieme;ycoPcaaLZE@example.com;764391738;Jun 5 1992;73422 Heller Forest;1;Radiation oncology
65899725662;Lora;Krajcik;dbhgmTGQJO@example.com;307822317;Jun 25 1985;73659 Fisher Underpass;1;Internal medicine
53838030898;Flor;Bashirian;tMJIDgmXkd@example.com;958164393;Sep 10 1976;1702 Abernathy Park;1;Emergency medicine
19313279980;Darron;Armstrong;SGcmSBwReO@example.com;866106152;Sep 18 2001;4495 Sporer Squares;0;Obstetrics and gynecology
30813657184;Ursula;Botsford;rQFxQqyOuE@example.com;585147992;Mar 30 1999;94647 Chloe Haven;1;Pediatrics
24913044515;Quentin;Hartmann;vzjWgcdhID@example.com;491322865;Feb 25 1965;4383 Ardath Valleys;1;Family medicine
90588677983;Lissa;Heathcote;tqiwmPPwDC@example.com;917602929;May 10 1981;6552 Dagmar Circles;0;Medical genetics
17028610611;Eugene;Schuster;GjCoaJYBRA@example.com;772163268;Feb 22 2013;15590 Dustin Mill;1;Urology
26957634052;Josiah;Borer;MSeclmvelD@example.com;180831749;Apr 3 1972;6909 Tyron Glens;1;Psychiatry
90788725675;Roman;Bergnaum;rvWteioZNc@example.com;762373557;Feb 18 1969;87692 Strosin Ridge;0;Radiation oncology
63238711694;Keren;Howe;zkLWzBDPSB@example.com;554940885;Feb 2 1990;440 Sawayn Park;1;Medical genetics
27399620085;Jerold;Rau;xnwgtNRaDY@example.com;841187044;Dec 17 1998;9508 Kshlerin Prairie;1;Neurology
78367970269;Kimberli;Schultz;JFtwrzJqbh@example.com;531909496;Feb 16 2017;21490 Considine Bridge;1;Preventive medicine
70391821157;Weston;MacGyver;eQSqYsjLEN@example.com;118586304;Dec 1 2011;05982 Joan Creek;0;Medical genetics
14753644474;Mike;Hand;mhIwTFznYM@example.com;864007085;Oct 30 1943;6739 George Forks;0;Anesthesiology
14066130614;Connie;Botsford;SUiLudIPzw@example.com;568374583;Jun 25 2010;8604 Kohler Mountains;1;Allergy and immunology
62580708041;Jared;Wolff;cVTyqSPoui@example.com;430548336;Jan 17 1991;01949 Halvorson Roads;0;Family medicine
13496663211;Reva;Hudson;frRTEwkxJV@example.com;456322025;Aug 31 1930;1001 Lubowitz Pass;0;Neurology
27053214875;Dalton;Sporer;arBoiuZOjl@example.com;194819911;Apr 22 2009;3669 Dean Well;1;Obstetrics and gynecology
60656442251;Samella;Swaniawski;yxKslfbTIX@example.com;220993011;Sep 7 1945;8949 Malcom Shoals;1;Radiation oncology
94413480838;Kasandra;Bahringer;vGqKJApwhX@example.com;236847870;May 3 1969;87059 Arnoldo Square;0;Internal medicine
78771277788;Rutha;Murray;NcrvHsNoam@example.com;778833550;Nov 29 1963;748 Jame Station;1;Allergy and immunology
75110204438;Jamey;Muller;nANPLXNBKd@example.com;167734551;Sep 1 2019;01076 Walsh Plains;0;Psychiatry
22280922339;Ward;Adams;jIjfShYIlF@example.com;426344833;Jul 26 2001;156 Moses Mission;0;Neurology
86379976768;Malik;Gutkowski;sjmELnNDdO@example.com;851459627;May 16 1961;105 Gerlach Cove;1;Nuclear medicine
37801027044;Roman;Stehr;gWrjkUJqZn@example.com;122265506;Dec 19 1977;29791 Bernhard Lock;1;Emergency medicine
29792646963;Gennie;Hahn;MIBhGajjBx@example.com;215432251;Nov 16 1936;042 Aleida Port;0;Family medicine
64128455328;Vern;Hermiston;bFpZaRzzbO@example.com;264248111;Dec 30 1976;12226 Gregorio Inlet;0;Psychiatry
71391217625;Leigh;Champlin;horpqcBOtq@example.com;524453810;Sep 22 1987;2314 Haag Lights;1;Anesthesiology
13427035300;Concha;Stehr;yJInyhGpsT@example.com;643113636;Dec 10 1983;14293 Erdman Land;0;Pediatrics
75798021379;Jacob;Bauch;agRogDrsMB@example.com;553809395;Mar 20 2010;7407 Goyette Walk;0;Physical medicine and rehabilitation
30162108720;Jessi;Sauer;ZvCdbGutVe@example.com;396693332;Jul 3 1963;1248 Carletta Flat;1;Ophthalmology
30392941427;Yvone;Lowe;avDiIXxtjE@example.com;813605004;Jun 25 1945;798 Barney Burg;0;Pediatrics
53605290990;Louise;Sauer;GrqJLofJyK@example.com;659285950;Nov 29 2005;009 Ernser Lodge;0;Diagnostic radiology
53927852715;Dino;Carroll;duZDdXieHX@example.com;705662713;Dec 2 2004;7834 Stroman Extension;1;Internal medicine
30129788647;Tommie;Gorczany;hEUBhtteYL@example.com;981368456;Jul 20 1997;6029 Bashirian Fords;1;Neurology
31141809462;Jamal;Hoeger;VKKGjfCkuH@example.com;186623975;Jan 2 2014;207 Buckridge Corner;1;Emergency medicine
40972633893;Hertha;Gerlach;yDcxXqPRJr@example.com;994572220;Jun 10 1954;8603 Grady Neck;0;Medical genetics
47972558445;Wava;Funk;OIrGZsgTnu@example.com;237579988;Aug 28 1941;557 Eliseo Springs;0;Pathology
73201440317;Rhett;Lakin;BPHEvqLtzv@example.com;950742101;Jan 19 1932;984 Dana Heights;1;Anesthesiology
40370203459;Mel;Goyette;xVAfXVcyVQ@example.com;822095359;Aug 13 1937;38159 Donny Dale;1;Physical medicine and rehabilitation
75563506421;Timothy;Bashirian;VTTSLDQhEr@example.com;368596218;Mar 18 1942;609 Parisian Loop;1;Anesthesiology
41648933757;Jene;Deckow;aICLPPuESO@example.com;421301278;Sep 7 1930;695 Erlene Common;1;Anesthesiology
32158383581;Laverne;Jones;BOZErwwheV@example.com;912019288;Jul 28 2017;6312 Brittni Pike;0;Psychiatry
62661000185;Simon;Turner;ikqbgLGpQA@example.com;733180596;Mar 8 1966;65972 Daugherty Hill;1;Ophthalmology
24273226716;Gilberte;Schiller;KXbLqqmOIJ@example.com;264933058;Nov 30 1961;12741 Darrel Ways;1;Allergy and immunology
91890767888;Donnell;Conroy;HswvFsXFww@example.com;467847914;Oct 15 2018;72531 Catherin Ridges;1;Ophthalmology
12647574721;Reena;Dare;KzJpIiLTwn@example.com;123315794;Apr 11 1965;45660 Huels Lodge;0;Anesthesiology
47821398898;Kanisha;Wisozk;ThSeFpNbCj@example.com;601230041;Dec 12 1940;8690 Kyle Green;1;Radiation oncology
66450672080;Mellie;D'Amore;IeHrpbseBs@example.com;810783042;Nov 8 2000;18813 Bergstrom Ridge;0;Pathology
98975362664;Clair;Collins;VKUMOIIYSG@example.com;462861954;Mar 5 2009;37363 Lorena Ridges;0;Allergy and immunology
25095464661;Yelena;Ziemann;BbDDeGqwWh@example.com;356456491;May 7 1944;1301 Lucien Mill;1;Emergency medicine
31297410145;Shanda;Champlin;RCnpxHZyaw@example.com;311472009;May 20 1958;77146 Alma Inlet;1;Dermatology
45134409517;Rosenda;Okuneva;nGfzmWuYAQ@example.com;992030264;Jan 6 1962;895 Alecia Falls;1;Radiation oncology
77599651966;Anastacia;Hermiston;euwANJcpej@example.com;707621686;Jun 26 1967;592 Konopelski Road;1;Physical medicine and rehabilitation
85570996574;Johnnie;Jacobs;vEHZNFWRXb@example.com;284134899;Mar 26 1943;3576 Karyl Corner;1;Anesthesiology
30630713502;Georgianna;Pollich;gACkjkAgnf@example.com;617058790;Feb 7 1939;60743 Cremin Lane;1;Dermatology
73990735637;Dexter;Breitenberg;ZXWLvDaJdj@example.com;705596205;May 23 1952;195 Lurlene Loaf;1;Emergency medicine
59840320504;Fonda;Koepp;fnvAfpxMzf@example.com;121080346;Mar 29 1987;13048 Aleshia Station;0;Allergy and immunology
28546813108;Gail;Blick;MOgOngZQlY@example.com;580994963;May 8 1940;800 Jake Creek;1;Nuclear medicine
93863518110;Leatha;Bode;ZGwgdpaVyM@example.com;336338239;Mar 3 2016;47991 Rafael Field;0;Neurology
52175477971;Beverlee;Tromp;ufwICEYmnf@example.com;161387693;Jan 1 1936;932 Damian Mall;1;Ophthalmology
92474966751;Damon;Bernier;gOwicawvXM@example.com;494311490;Nov 15 1944;944 Lang Brook;1;Dermatology
51298823314;Trey;Vandervort;TSBsaiVOnl@example.com;902329598;Aug 16 2005;22382 Bosco View;0;Family medicine
24899793248;Eleanora;Yundt;lhvTdqHIPV@example.com;539723031;May 15 1934;5513 Fisher Mews;0;Anesthesiology
20843599654;Ali;Koch;VgxRYNRUhh@example.com;349914599;Nov 12 1971;3203 Staci Plaza;1;Surgery
19025204412;Glady;Fadel;CkTaGsjJZO@example.com;309703497;Dec 4 1961;441 Welch Ridge;0;Pediatrics
16542235834;Brett;O'Reilly;yUBZnmMiar@example.com;412025294;Dec 28 1968;74291 Marin Hills;1;Family medicine
11316664259;Rayford;Schulist;QDkutqVdTe@example.com;926925436;May 27 2003;3373 Alta Flat;0;Ophthalmology
41091771398;Lucas;Romaguera;sRGRnxERmw@example.com;895964195;Jun 28 1946;2573 Doug Estates;0;Surgery
38550306974;Annita;Reichert;CMpJqSfQAJ@example.com;763051069;Oct 24 1998;3945 Blossom Forest;1;Ophthalmology
66395361317;Celinda;Murray;GztHJcrRdk@example.com;548927984;Sep 25 1973;19445 Erasmo Wells;1;Obstetrics and gynecology
56310529280;Zachariah;Bayer;TpXbMOAgkP@example.com;663280321;Jul 21 1938;855 Jewell Ports;0;Emergency medicine
67095523950;Felix;West;pMehZkaGar@example.com;157313066;Oct 16 1969;4032 Botsford Route;0;Emergency medicine
25254645783;Angel;Rolfson;qqMxlaPJNJ@example.com;366001307;May 25 2001;298 Albertine Village;1;Pathology
45037400355;Bruna;Marks;tvndOduzUW@example.com;378213312;Jul 5 1964;98946 Johnie Crest;1;Nuclear medicine
85463816003;Crissy;Gleichner;IVrmqjwCMh@example.com;993826413;Apr 1 1963;16406 Predovic Glen;0;Dermatology
78856352122;Marry;Sanford;pxTiPPPwIz@example.com;939476652;Jan 4 1962;62837 Harvey Cape;0;Neurology
49136728466;Emory;Kreiger;NVKDRuGvkN@example.com;214273430;Apr 26 2012;36466 Kiehn Tunnel;0;Pediatrics
79892922511;Quincy;Nicolas;nlPqbDjOuK@example.com;836343946;Oct 1 1960;0323 Lowe Manor;0;Anesthesiology
86432609982;Sam;Keebler;jntQqmGciL@example.com;524252778;Sep 15 1972;2863 Brakus Gardens;0;Neurology
46721012131;Arnoldo;Kilback;auXYjxGWRc@example.com;180753299;Dec 25 1976;08788 Annita Turnpike;0;Physical medicine and rehabilitation
93349117304;Elvis;Hessel;xqatqVfCjb@example.com;187743848;Jun 18 1988;6767 Erna Walk;0;Dermatology
76734842038;Jason;Moen;TejJpcUYzj@example.com;660940348;Aug 25 1987;010 Delia Mount;0;Urology
27840242185;Jack;Powlowski;MIHOhTYbxj@example.com;560451587;Aug 25 1958;2058 Denesik Roads;0;Diagnostic radiology
83797690305;Vanita;Cruickshank;fkfJxAwjsT@example.com;469505684;Nov 28 1993;8558 Greenfelder Falls;0;Preventive medicine
32426169773;Clement;Wiegand;CvZKnINPFw@example.com;562766050;Jun 9 1939;986 Ellamae Course;1;Pediatrics
75431086449;Del;Becker;zZhbGaNwVJ@example.com;493229069;Mar 20 1929;4912 Ambrose Island;1;Internal medicine
23174306850;Anna;Gaylord;acDdUKYqXB@example.com;101406560;Jun 5 2019;898 Trantow Trail;1;Emergency medicine
64156395879;Catrice;Klocko;rrPGHcWKsj@example.com;694642697;Feb 3 1972;448 Reynolds Manors;1;Obstetrics and gynecology
77450154271;Raelene;Medhurst;AxpGuHJfQl@example.com;873572707;Mar 6 1943;7826 Willms Landing;0;Internal medicine
28179197672;Velda;Thompson;awgAsCgaZU@example.com;960438347;Feb 9 1967;7095 Mai Bridge;0;Family medicine
27241616079;Kenna;Goodwin;MmlRtUSIoh@example.com;149793176;Mar 22 1984;973 Emory Passage;1;Emergency medicine
95061414776;Stephany;Adams;vhOBfBzTvM@example.com;217898377;Jun 7 1977;942 Ezequiel Walk;1;Physical medicine and rehabilitation
26563177019;Pa;Durgan;dgDDTLQlmz@example.com;264405684;Jul 25 1943;067 Mira Point;1;Nuclear medicine
82198406669;Fidelia;Stokes;EmWIxlYSMb@example.com;418089361;Dec 24 1986;4613 Joaquin Meadows;1;Neurology
74600368096;Exie;Bauch;YCJTgcvffq@example.com;225874166;Jul 7 1944;6848 Eve Junction;1;Physical medicine and rehabilitation
63486969191;Jerome;O'Connell;oddZOfxONf@example.com;565746751;Aug 23 1959;3587 Bambi Turnpike;1;Pathology
97668444176;Bette;Brekke;rQSEaAVOLz@example.com;968971336;Oct 28 1958;038 Wyman Crossing;1;Allergy and immunology
25543709691;Jerome;Frami;BplTFaDzlk@example.com;457434825;Feb 9 1963;1537 Marquis Fort;0;Family medicine
87380696358;Wilburn;Bernier;FWpWWchzKe@example.com;941481367;Mar 22 1931;9240 Gerlach Plains;1;Allergy and immunology
91180402601;Theda;Russel;TTskOVRoRr@example.com;695782644;Dec 16 1943;1628 Stehr Port;1;Physical medicine and rehabilitation
46092532259;Barbera;Ebert;rBINJearXa@example.com;197320270;Aug 11 1954;424 Grant Stravenue;0;Urology
68300258929;Roma;Turner;yQlYpuboCH@example.com;409903612;Dec 12 1977;450 Weber Knoll;0;Anesthesiology
40289001503;Shelby;Moore;PeiTSBfwHe@example.com;734678623;Jul 10 1931;97178 Farrell Turnpike;1;Allergy and immunology
74139229851;Darlene;Mertz;mvaVWPImRs@example.com;392336116;Sep 11 2009;78238 Gerda Shores;0;Diagnostic radiology
19969609676;Krystal;Kunze;HArLFONxdl@example.com;397842976;Dec 23 2019;0800 Boyle Crescent;0;Urology
71392035550;Jody;Corkery;WhCGBGLUDs@example.com;733960740;May 23 1952;1437 Hermiston Lake;0;Urology
37356694305;Janetta;McGlynn;HMrXCbuWnC@example.com;241380291;Jul 5 2001;9940 Corkery Field;0;Radiation oncology
35436255656;Troy;Balistreri;zegJCzIgXC@example.com;542918140;May 18 2010;66837 Karan Corners;0;Ophthalmology
48730208523;Lupita;MacGyver;WspWzOlSzE@example.com;644414410;Sep 29 1999;4471 Eduardo Pine;1;Preventive medicine
16459084934;Gavin;Russel;qqRlYWiOwh@example.com;577818581;Nov 19 2006;71265 Aretha Rest;1;Pathology
27377440346;Pamelia;Hauck;nTQIKaNqMq@example.com;574593944;Mar 19 2001;259 Huel Springs;0;Psychiatry
50083173557;Zachery;Barton;zpQQTPpHcu@example.com;868322920;Jun 21 1944;941 Linwood Loaf;0;Dermatology
65788272855;Sina;Ernser;xlmspIQSuJ@example.com;982319911;Feb 8 1940;11843 Casper Throughway;1;Family medicine
27375974952;Bryant;Wilderman;AplpvgoThn@example.com;775367581;Jul 3 1999;301 Predovic Lane;0;Psychiatry
80962360378;Clara;Marquardt;dCKWJUgKCT@example.com;988803907;Jun 30 2010;79435 Joesph Shoals;0;Urology
42743738918;Wallace;Hettinger;pzXtmhnKcq@example.com;163587183;Apr 3 1982;379 Ratke Mills;1;Emergency medicine
95219703301;Cassy;Treutel;iiAGUVEOMW@example.com;337323434;Aug 19 1951;91521 Mraz Rapid;1;Psychiatry
49799212499;Hillary;Kirlin;ObiZaGWtsg@example.com;777030625;Dec 30 1954;8173 Stoltenberg Pass;0;Nuclear medicine
21677892993;Joshua;Cummings;LKPCkLBvQV@example.com;643187683;Nov 30 1988;48202 Dolores Ferry;1;Obstetrics and gynecology
18771879747;Jetta;Cartwright;IgYZvFJEPZ@example.com;409020887;Feb 9 1990;398 Leo Wells;0;Preventive medicine
27415906237;Alonzo;Kautzer;irtbFQcSkO@example.com;628178120;Feb 15 1972;627 Legros Alley;1;Diagnostic radiology
32464310950;Nickie;Windler;VYptQKkSkf@example.com;729367232;Sep 26 1976;039 Heathcote Glens;0;Obstetrics and gynecology
79557067853;Barbie;McDermott;gaEIRgcbhr@example.com;580191016;Dec 21 1956;1390 Mann Keys;0;Physical medicine and rehabilitation
90875208999;Michaela;Jast;aLvxqQMjDN@example.com;675421576;Dec 27 1953;66731 Ela Manor;0;Obstetrics and gynecology
23093462487;Kendrick;Rutherford;WSnAzSFrDl@example.com;959911165;Jun 25 1994;21143 McGlynn View;1;Ophthalmology
39569158944;Joella;Schimmel;XRwLWOTcys@example.com;330050151;Mar 25 1963;52692 Pfannerstill Creek;0;Anesthesiology
56705081925;Randi;Schaefer;vSQXBnFKtd@example.com;224321680;May 9 1955;985 Belinda Lane;1;Radiation oncology
56146912058;Veronika;Bashirian;MMBYAfuoAf@example.com;336155097;Mar 14 1956;18759 Flatley Hollow;1;Dermatology
92451567413;Kate;Ernser;SqwUCjaTlY@example.com;792470254;Feb 7 2006;59753 Joesph Estates;1;Internal medicine
74233810196;Darcel;Wehner;ivGWpPyYQV@example.com;865547845;Dec 26 2007;758 Miller Isle;0;Urology
70683291830;Emery;Schimmel;WpVLRrBuWV@example.com;345600330;Aug 23 2008;05958 Will Station;0;Psychiatry
38055746025;Amos;Hagenes;NvMcZJtPSf@example.com;124720824;Nov 16 2018;45756 Schneider Center;0;Ophthalmology
79145476306;Erwin;Robel;vqqxGHPmsE@example.com;557380834;Apr 10 1983;51001 Koss Hill;0;Physical medicine and rehabilitation
43936866158;Paul;Botsford;BvIYFtWmjp@example.com;531969646;Oct 19 2001;2120 Shavon Flat;0;Neurology
49026371469;Emil;Moen;uNoVdlFdcI@example.com;218922199;May 26 2015;11047 Nilsa Motorway;1;Obstetrics and gynecology
62963968328;Iola;Jakubowski;GmBowlGEIx@example.com;660958907;May 17 1940;80546 McLaughlin Extensions;1;Neurology
91844987854;Corey;Conroy;QahAgHCXAb@example.com;945283507;Jul 21 1927;670 Leffler Flat;0;Dermatology
55345335139;Henry;Abernathy;eeeLUYFnIy@example.com;683228511;May 29 1988;5310 Denice Plains;0;Surgery
68103494397;Syble;Mitchell;fIjjOJDpwa@example.com;243122069;Aug 3 2009;8254 Bosco Inlet;0;Preventive medicine
28729557463;Terrence;Okuneva;VfDgPHWRPq@example.com;209501584;May 8 1952;38805 Ruecker Cove;1;Emergency medicine
75093595713;Kemberly;Ritchie;XVouecrpFM@example.com;486291728;Nov 18 1976;209 Lebsack Rapid;0;Physical medicine and rehabilitation
97481661428;Ted;Zulauf;mPEEviZxvf@example.com;867802711;Mar 12 1985;66336 Pearl Gateway;1;Emergency medicine
59209599129;Troy;Schmeler;yoepjLkEgm@example.com;658874037;Nov 4 1997;067 Lynch Mall;0;Surgery
86166459966;Trista;Boyle;ANuKkTYpQc@example.com;301884426;Jan 6 1969;664 Raul Landing;0;Physical medicine and rehabilitation
70877427019;Keven;Wisozk;QnkIiLlBfF@example.com;686786840;Jun 23 1947;58405 Delorse Fork;0;Pediatrics
85082726021;Meta;Larson;MftDqaqhyM@example.com;511946612;Mar 9 1949;668 Tremblay Isle;0;Obstetrics and gynecology
96464011365;Chau;Smith;RuGiTpmKGA@example.com;433913895;Feb 1 1939;3278 Zemlak Track;1;Nuclear medicine
24552587960;Vertie;Wisozk;pVhRITcqDU@example.com;438321119;Apr 22 1943;6569 Debra Loaf;1;Dermatology
65712485658;Lauretta;Legros;IxpYtYAYNR@example.com;333170138;Mar 12 2000;9676 Hessel Islands;0;Neurology
20924778211;Aletha;Rutherford;mRBSvXXTAi@example.com;982405261;Aug 6 1945;689 Bailey Mountains;1;Internal medicine
34304992616;Jules;Sipes;AlSHSEZmPs@example.com;314286257;Apr 3 1954;53612 Jacobson Plain;1;Nuclear medicine
57761839878;Marquetta;Steuber;EtwXkwuPiK@example.com;827668312;Mar 15 1986;750 Charlie Village;1;Obstetrics and gynecology
40105805731;Taneka;Howell;BtXlzQrkdC@example.com;929458536;Sep 1 1962;999 Deetta Ford;0;Family medicine
38983480901;Noble;Stoltenberg;AHKPwHhNoB@example.com;179053731;Apr 15 2007;536 Ullrich Point;0;Diagnostic radiology
61242213258;Darrell;Trantow;tyltDxhZax@example.com;166513663;Feb 22 1970;039 Shad Extensions;0;Radiation oncology
35814095687;Toya;Ziemann;zOEoBvFUxK@example.com;241305718;Jan 7 1980;05072 Deckow Crest;0;Nuclear medicine
51211662745;Emilia;Cruickshank;JnaXADsWFN@example.com;502873069;Jul 1 1936;13850 Schaefer Gateway;0;Pathology
60069937563;Zack;Legros;GoCtSUovqj@example.com;199689713;Feb 13 1941;601 Kling Glen;0;Surgery
79025790906;Wilmer;Murphy;TRIMPTTkxJ@example.com;988134642;Mar 18 1954;040 Marlon Lane;1;Radiation oncology
12031760579;Brett;Lubowitz;SuHndbpDQQ@example.com;966773638;Jan 2 1978;305 Marks Spring;0;Dermatology
54298973596;Jovan;Muller;tPhsPoSNNh@example.com;397138354;Apr 5 1977;58110 Edison Mount;0;Surgery
82239633447;Shad;Balistreri;MSOiGdbYvX@example.com;340188764;Nov 27 1994;4887 Tommie Parkways;1;Pathology
12439378074;Raphael;Johnson;pXSUqZSVbv@example.com;348903121;Mar 30 1972;1502 Nada Ranch;0;Radiation oncology
84761258451;Stuart;Wiza;gTSTIgLpOH@example.com;885805782;Oct 7 1994;89132 Lind Expressway;1;Urology
42611548732;Belia;Marks;enxIpqlbEb@example.com;527873389;Aug 2 1963;74831 Connelly Shoals;1;Internal medicine
33060976508;Gilberto;Emard;ECvNviXLHT@example.com;464969131;Dec 30 2017;1987 Ayanna Parkway;0;Preventive medicine
29254511199;Danial;Harris;jPrEjecxIa@example.com;946393718;Jan 5 2013;54834 Borer Plaza;1;Psychiatry
50897843290;Omar;Streich;DFdxLsBxHR@example.com;210509459;Oct 25 1940;019 Shields Orchard;1;Neurology
73957601736;Eleanore;Altenwerth;yofKrHGeVK@example.com;954130174;Nov 20 1997;3426 Schiller Brooks;0;Urology
64556952094;Ozzie;Leuschke;VoReTDUpzB@example.com;464035212;Jan 6 1964;7445 Glover Pines;0;Ophthalmology
36269152318;Leonel;Cruickshank;tzgWEhZGuw@example.com;105479277;Dec 10 1969;4959 Fawn Ferry;1;Ophthalmology
38321465809;Donn;Breitenberg;cxzALPQSDB@example.com;341848646;Aug 10 1955;58643 Altagracia Crescent;0;Radiation oncology
58085670874;Earleen;Nitzsche;ErtRXivaZO@example.com;519591135;May 10 2012;6452 O'Keefe Plain;1;Ophthalmology
13020383723;Yuonne;Murray;HQWTSUvoqw@example.com;668236280;Nov 16 1953;15444 Langosh Drives;1;Neurology
46978320853;Shayne;Cremin;dfbKeJelXx@example.com;543564363;Jan 15 2011;0380 Tromp Extension;0;Dermatology
85518211930;Guy;Boyle;rDdUYzHkqJ@example.com;385538242;Feb 21 2004;10804 Judson Cliff;0;Surgery
51400368569;Carl;Powlowski;gXpcnlMsVL@example.com;479560364;Aug 27 1959;3172 Reynolds Spring;0;Dermatology
46232474019;Faustino;Ryan;ccaPrwYbzB@example.com;514189468;Aug 15 1926;8847 Humberto Run;1;Allergy and immunology
59871930026;Rodney;Cronin;gikXaybHtp@example.com;453842228;Jul 14 1939;5805 Marylou Common;0;Psychiatry
51644269623;Dominica;Schroeder;BaHlucdwtW@example.com;954910423;Dec 12 2011;7526 Leonardo Plain;0;Obstetrics and gynecology
97695714560;Colton;Renner;VLhzYnfESZ@example.com;845528155;Dec 18 2015;12444 Wynell Common;1;Diagnostic radiology
46782551671;Carlton;Hagenes;zbrBQklIGG@example.com;601872864;Oct 3 1955;962 Jimmie Crossing;0;Ophthalmology
85058373573;Mi;Moen;KJoqIIaSUm@example.com;681647842;Jun 18 1952;107 Kiehn Spur;1;Neurology
32667269394;Ray;Reinger;GTyXydSDAD@example.com;137879155;Jun 6 1977;238 Bradtke Park;1;Psychiatry
83898793694;Sheryl;Cormier;YQlFqvApvR@example.com;948210369;May 28 2003;816 Carrol Shoals;1;Urology
70932960754;Kristi;Johnston;vfwZkKUdeu@example.com;889901891;Dec 27 1971;50830 Leffler Grove;0;Allergy and immunology
44127132724;Dortha;Wunsch;NpPnvKIAfn@example.com;505141329;Jun 1 1949;14417 Reichert Vista;1;Surgery
64078577021;Trenton;Stracke;LYwchvvXax@example.com;695104318;Apr 22 1932;963 Simonis Passage;1;Preventive medicine
89577004340;Manuel;Thiel;dhMPNyZAJD@example.com;125907411;Mar 6 1992;660 Eduardo Wells;1;Surgery
92464211272;Hayley;Koepp;AwkuhpvsyL@example.com;454152517;Jan 24 1994;4989 Pagac Lane;0;Emergency medicine
33749039497;Jackie;Waelchi;XSiJeMCmtg@example.com;268900946;Nov 23 2001;5067 Stiedemann Parks;0;Anesthesiology
31352278690;Simonne;Douglas;BNyIfTmkDC@example.com;682147583;Aug 20 1964;3393 O'Keefe Roads;0;Surgery
66281633952;Frieda;Adams;ebjnCfPraw@example.com;342991398;Mar 12 1964;2338 Gracia Curve;1;Radiation oncology
45194193890;Liana;Collins;eeeBFxEEvP@example.com;397037046;May 13 1932;886 Marietta Via;0;Emergency medicine
65257620359;Jonathon;Gleason;jRLlvmKYGL@example.com;741544533;Jul 10 1994;751 Kshlerin Keys;0;Preventive medicine
12701004586;Johnnie;Cruickshank;NMSTqpXrgU@example.com;674315867;Sep 27 1983;799 Nicholas Road;1;Radiation oncology
49817272186;Alex;Purdy;kNnazOuWrL@example.com;481869527;Nov 19 2015;36978 Schoen Groves;0;Dermatology
64869396653;Franklin;McDermott;xaStarVFGm@example.com;895962888;Jul 26 2005;66312 Auer Glens;0;Ophthalmology
34032894633;Mabelle;Reichert;ZgwlhkXOQm@example.com;648755418;Sep 1 1983;93297 Hodkiewicz Turnpike;0;Preventive medicine
38144927678;Kip;Cremin;gWJgPPZxZm@example.com;263885259;Nov 28 1948;5773 Maggio Park;1;Pediatrics
78088645709;Olimpia;Moen;ddLWwwisxo@example.com;103176276;Dec 11 1975;321 Timothy Street;1;Allergy and immunology
14876590209;Kacy;Runolfsdottir;HDmlKNvTlX@example.com;736775576;Jan 17 1987;33890 McCullough Glen;0;Internal medicine
32931279078;Maryetta;Price;tDzaqWtBqw@example.com;882189026;Mar 4 1986;3586 Reinger Coves;1;Preventive medicine
41727487252;Agustin;Borer;QALpeINczX@example.com;500590497;Sep 29 1935;0626 Maggio Villages;0;Preventive medicine
16247466580;Kira;Hamill;GiPECTYWCS@example.com;968423366;Apr 24 2004;60988 Hugh Track;1;Nuclear medicine
74534655158;Marna;Davis;PcULrYQyFJ@example.com;778767595;Jul 3 1949;46528 Lang Landing;0;Diagnostic radiology
21805996421;Pablo;Kertzmann;TPvcFfCtQx@example.com;675986121;Feb 28 1979;1390 Rempel Tunnel;1;Emergency medicine
79519823251;Theron;Kilback;pWlznJXhYp@example.com;951471666;Nov 23 1955;268 Dicki Trail;0;Anesthesiology
20399482273;Janett;Kshlerin;TYPKKdUBQg@example.com;394855695;Mar 17 2017;67109 Toby Well;1;Psychiatry
21948021364;Octavio;Rohan;esspuQGbGB@example.com;591154618;Jul 17 1975;146 Lesch Street;0;Psychiatry
82675292546;Trudie;Lang;nccUWEesZG@example.com;236192914;Jun 15 1942;0088 Michel Valleys;1;Psychiatry
16203829140;Shanel;Maggio;ZYSxmXrsYN@example.com;192630259;Mar 17 1936;5473 Carletta Branch;1;Radiation oncology
76945655813;Cristal;Bruen;AwqTrFezQF@example.com;701709146;Mar 29 1942;121 Graig Square;1;Medical genetics
13409970437;Phylicia;Wilkinson;hUIxZAKSAr@example.com;725464500;Mar 16 1995;65420 Ray Junction;0;Pediatrics
16412666891;Emma;Kovacek;YCHlwbwSwE@example.com;348329545;Aug 22 1942;960 Stroman Mill;0;Ophthalmology
80886614897;Genevie;Morissette;ajQnuwTEnR@example.com;894313413;May 14 1949;1940 Preston Hills;0;Emergency medicine
11563508582;Ken;Bernhard;cYzZbmRLyG@example.com;492694481;Nov 13 1940;84138 Gerhold View;0;Emergency medicine
56285743282;Melba;Romaguera;zIIMCUSJrs@example.com;671474313;Nov 26 2001;87594 Latanya Cliff;1;Surgery
92582686736;Wendell;Blick;uJyOcuBLsw@example.com;565295934;Oct 13 1960;72133 Tyler Via;0;Diagnostic radiology
82413715023;Shakira;Mertz;yFsSHkuZAE@example.com;516909151;May 20 1988;55972 Tegan Mountains;1;Dermatology
78698395839;Trinidad;VonRueden;DPZdAAkZxe@example.com;444453100;Jan 7 1947;989 Therese Garden;1;Surgery
85304493808;Kortney;Rogahn;ftatZxeiqN@example.com;132197746;Apr 4 1951;766 Belinda Parks;1;Psychiatry
80962643908;Bobby;Heaney;NBtiAbMwAj@example.com;908890296;Apr 11 1936;979 Raynor Radial;0;Diagnostic radiology
51328089349;Nettie;Block;NRZVunQLpn@example.com;548805154;Jun 26 1936;6102 Rodriguez Parkways;1;Allergy and immunology
61444727809;Eric;Padberg;QFtReAmwbx@example.com;520076395;Oct 28 2014;362 Lindsay River;0;Obstetrics and gynecology
13591105657;Brandi;Huels;XhYjIzKsEu@example.com;419752848;Nov 24 1990;630 Conn Pine;1;Psychiatry
35627241962;Joette;Dooley;lkUvifFkut@example.com;280717858;Sep 8 1941;445 Bahringer Parks;0;Preventive medicine
96236189305;Mitzi;Beer;uTPWaKxpvX@example.com;278242831;Nov 8 2019;9238 Reilly Lodge;1;Pediatrics
71235023760;Leandro;Harber;TDSJdYwkdF@example.com;752510528;Mar 9 1998;5177 Bahringer Orchard;1;Dermatology
61972703141;Jaqueline;Douglas;ahBOJmsyIi@example.com;742389412;Nov 3 2001;52397 Fritsch River;0;Surgery
96153277760;Erik;Erdman;WDpqOkfLxw@example.com;993616295;Jul 18 2012;970 Pfannerstill Forks;0;Emergency medicine
36542975057;Nathanial;Dicki;iGqHhkcKMq@example.com;774955183;Apr 1 1933;01036 Haley Rapids;1;Ophthalmology
55692872187;Jeanmarie;Lubowitz;akZOYsZuio@example.com;807147197;Jan 22 1942;874 Carrie Lodge;0;Neurology
62041623437;Maximo;Tremblay;yXrlejRVjJ@example.com;758282131;Nov 3 2003;06277 Lane Land;0;Allergy and immunology
72565718828;Denny;Crist;FYQWjiFykt@example.com;472184449;Feb 4 1970;63780 Mitch Parkway;1;Diagnostic radiology
96455789406;Ethel;Huels;JDcKkVDNog@example.com;632200968;Nov 28 1968;0525 O'Kon Greens;1;Urology
37957583098;Tameika;Buckridge;wvuZpsInUV@example.com;607287962;Jul 30 1964;57568 Jay Brook;0;Surgery
13837144644;Terence;Doyle;xUGnAXBfoc@example.com;387164606;Sep 12 1968;088 Kuhic Neck;1;Diagnostic radiology
83391983642;Wally;Botsford;sMzjJXMgFy@example.com;636095300;Apr 16 1931;6723 O'Reilly Meadows;1;Psychiatry
96014905471;Xavier;Carroll;QVMCedsFRR@example.com;263115008;Nov 22 2013;88926 Stracke Inlet;0;Pediatrics
22097586067;August;Muller;yBWHDQACpj@example.com;296529692;Mar 10 1928;24475 Buckridge Stravenue;1;Obstetrics and gynecology
73533969517;Allen;Cartwright;MBGXPGSeJc@example.com;249563219;Feb 23 1986;88606 Aura Estate;1;Urology
22886845091;Broderick;Tillman;VJcKUgxxnb@example.com;260546866;Sep 21 2003;8909 Stuart Skyway;0;Nuclear medicine
80816849807;Doretha;Wintheiser;RkxMhZQxIH@example.com;393024984;Feb 21 1962;8079 Fritsch Green;0;Surgery
39625042764;Iva;O'Reilly;kPYMnmfOuX@example.com;280910344;Oct 1 1991;46659 Celinda Road;0;Dermatology
29773649974;Sterling;Bergnaum;tJapKAlLTM@example.com;169338016;Feb 1 2001;2230 Hackett Unions;0;Emergency medicine
46273351814;Buddy;Morar;MPRYaOeQZq@example.com;442194146;Sep 6 1937;842 Waters Run;1;Pathology
24356558175;Marry;Kreiger;FfVhTFIYwa@example.com;392080867;Sep 14 1972;89659 Schaefer Neck;1;Neurology
96352809375;Neil;Grimes;JRCELBlDtI@example.com;521178541;Apr 20 1929;802 Stroman Loop;1;Urology
29974925369;Mitch;Hilll;XZzXGkrpSG@example.com;712537286;Jun 20 2014;283 Beer Ports;0;Pathology
63023496912;Alison;Crooks;gAKGULuRfT@example.com;834699134;Sep 9 1992;6646 Linh Forks;1;Urology
38307031531;James;Ullrich;ZFjcORApLO@example.com;117784005;Jul 7 1954;499 Darin Tunnel;1;Ophthalmology
40822065036;Rolf;Huels;WAcnbnsaSQ@example.com;358995877;May 30 2005;3857 Anjanette Estates;0;Surgery
63593925854;Yu;Kshlerin;ZmzfJJfgAD@example.com;532723968;Apr 19 1947;7480 Delora Haven;0;Neurology
58933024275;Rex;Thiel;xZFgKxJexu@example.com;392966575;Mar 6 1957;85369 Ward Fort;1;Nuclear medicine
94138850745;Son;Ledner;xXCbkuUsgz@example.com;935792911;Jun 25 1954;2949 Agustin Vista;0;Psychiatry
25634713924;Theron;Shanahan;pqyPADdUpl@example.com;260348236;Sep 17 1978;614 Mac Vista;0;Emergency medicine
62560379486;Jerrold;Bayer;FdYXglDsLJ@example.com;843940996;Dec 21 1930;442 Fritsch Place;0;Pathology
58752151384;Sharda;Hirthe;HCKdJQnpje@example.com;669799740;Apr 27 1951;301 Conroy Spur;1;Diagnostic radiology
30408079044;Guadalupe;Hartmann;gqBfypcOtH@example.com;362788687;Oct 19 1962;7918 Tamiko Stravenue;1;Psychiatry
62715096239;Amber;Kunde;GqpONhGZdO@example.com;278453833;Sep 18 1933;6668 Elwood Brook;1;Anesthesiology
28332774917;Dorsey;Murazik;rXYZWGAHfb@example.com;373438612;Jun 18 1958;1314 Magdalena Parkway;0;Obstetrics and gynecology
82758111763;Janene;Kiehn;QyHbPJwseW@example.com;538761931;Jul 30 1953;215 Steffanie Meadow;1;Dermatology
98506468768;Byron;Towne;SOQnfmDfDm@example.com;591409561;Aug 27 2002;128 Isabell Plains;0;Pathology
82266089898;Hai;Dooley;hrvCwYYSfC@example.com;568829756;Jul 31 1938;7663 Torp Square;1;Diagnostic radiology
29551217582;Claretha;Donnelly;mpyEaCQVvj@example.com;511585442;Apr 4 1986;69318 Sauer Ferry;0;Allergy and immunology
34593210158;Rashad;Gusikowski;iyJvRUkMWy@example.com;602281275;Jan 14 1960;422 Kovacek Streets;1;Pediatrics
33495561908;Lan;Wyman;nstskHlHUv@example.com;992502263;Dec 29 1934;74143 Devorah Junctions;0;Internal medicine
48970708027;Dan;Nicolas;PRAdDtwsiz@example.com;377569374;Mar 17 1926;6473 Maxie Stream;0;Allergy and immunology
39916938724;Tristan;Roob;waLGUfnNxF@example.com;846393488;Nov 11 1943;6920 Winfred Row;1;Diagnostic radiology
84698432169;Cordell;Shields;ajIiObFRUd@example.com;935572775;Nov 5 1932;846 Tillman Mews;1;Pediatrics
14835947162;Adena;Kunde;bxPLizlvKq@example.com;188505560;Dec 4 1928;7648 Kuhlman Estates;1;Diagnostic radiology
21460736505;Chauncey;Durgan;OhirrvwJtV@example.com;690895816;Sep 27 1968;237 Bosco Hills;1;Pediatrics
88563828767;Fermin;Marks;AWknaNMXPi@example.com;839866601;Jun 19 2006;378 Virgil Mount;0;Urology
78808736659;Cortez;Hoeger;uILAbVSKkJ@example.com;251568152;Feb 5 1932;0053 Marta Burgs;1;Dermatology
49040794087;Nora;Hirthe;qgNjTzTuYD@example.com;759617453;Jan 13 1981;271 Margarito Inlet;0;Nuclear medicine
97696529883;Fernanda;Yost;KsXoRYiUvO@example.com;617889338;Feb 10 2016;0193 Timothy Tunnel;1;Nuclear medicine
79788408123;Chery;Upton;LVQcipTMFl@example.com;399624510;Apr 15 2015;9101 Armstrong Pike;1;Ophthalmology
62472513861;Willian;Strosin;lLPTavOKlt@example.com;284936712;Feb 21 2016;80371 Senger Walk;1;Neurology
36772325684;Margaret;Kuhn;mIQlrHBjIm@example.com;814560888;Dec 14 1979;19622 Kuvalis Views;1;Emergency medicine
45533022979;Song;Kemmer;ryQlYVOvVA@example.com;345680493;Apr 25 1950;248 Doretha Causeway;1;Radiation oncology
85943556165;Sam;Abernathy;ySaOuqlgKp@example.com;528055687;Jan 6 1987;2737 Corkery Harbors;1;Obstetrics and gynecology
12053250200;Cordia;Hand;GBHpGKzoIJ@example.com;566016835;Mar 8 1956;28788 Matilde Plain;0;Radiation oncology
46984170118;Ellena;Kassulke;RBcNdrVnyg@example.com;917402030;Mar 3 2009;492 Henriette Ville;1;Medical genetics
92613817051;Dorsey;Murray;CZkZhCPzHF@example.com;248783318;Jan 4 1997;3678 Corwin Extensions;1;Emergency medicine
95192916764;Johnsie;Dooley;gPtXBSgPnr@example.com;714024332;May 16 1926;82232 Volkman Dale;1;Family medicine
68119689931;Joel;Dach;kToGzDbtpI@example.com;949608349;Jan 17 2012;447 Fritsch Route;1;Dermatology
78990442275;Perry;Hills;erAMZRkVeE@example.com;574609721;May 7 1960;902 McKenzie Walks;0;Diagnostic radiology
58595885983;Ok;Bartell;pIkIklxsyr@example.com;390413391;Oct 8 1929;5964 Dagny Park;1;Emergency medicine
39287891632;Xavier;Parisian;geDVKqzCEd@example.com;685247443;Feb 25 1941;1581 Mills Fords;1;Family medicine
39756820144;Cruz;Moen;nWZAbJvPEG@example.com;356160041;Dec 18 1964;09415 Jones Roads;0;Physical medicine and rehabilitation
24695897330;Jon;Little;BRgETljOYW@example.com;746587027;Mar 4 2017;33508 Kyra Village;1;Allergy and immunology
31197469838;Marvin;Beer;ETCUGlLKyl@example.com;839363857;Jun 12 1971;5473 Myrna Roads;1;Urology
46410498383;Irvin;Nolan;EEEZEQtqcZ@example.com;192309344;Jun 19 1933;3505 Drew Ridge;0;Dermatology
30710635894;Astrid;Satterfield;aoUDHJFjOM@example.com;745414518;Mar 30 2011;7659 Mathew Rapids;0;Pediatrics
16318499749;Danilo;Jakubowski;HKORajFuPL@example.com;328148115;Jul 24 1933;713 Rodrigo Gateway;0;Family medicine
30316362230;Refugia;Ward;qjCmkGrxYL@example.com;444066155;Nov 3 1967;9435 Emanuel Heights;0;Surgery
93987445015;Jessie;Dibbert;GaJpZlNiXv@example.com;742527839;Jul 22 2006;6073 Kshlerin Pass;1;Nuclear medicine
34886783095;Bret;Runolfsson;ajlWevMniB@example.com;727813244;Jul 15 1931;64729 Chi Trail;0;Nuclear medicine
34873021834;Laveta;Stracke;GfvsVIcWTe@example.com;100495065;Jun 27 1958;517 Hahn Forks;0;Ophthalmology
88505228381;Mariano;Doyle;lsLaokgfNM@example.com;700674789;Dec 22 2018;54759 Agnes Flats;1;Preventive medicine
24735807808;Josephine;Harber;iEbuZcbBZI@example.com;852574713;Aug 29 1962;146 Paucek Ramp;1;Surgery
83496055752;Alvin;Schamberger;hShuLbgyzB@example.com;226599596;May 26 1990;3066 Boehm Well;1;Surgery
68758736219;Krissy;Leuschke;IMRuAYMHlh@example.com;373256466;Jun 2 1946;3818 Bartoletti Unions;0;Obstetrics and gynecology
74944268298;Julieta;Douglas;JEnlCwqCWo@example.com;650194415;Jan 14 1953;301 Sawayn Junctions;1;Diagnostic radiology
93629813747;Lionel;Conn;UcIjyHcWeQ@example.com;119673874;Aug 22 2010;705 Howard Corner;1;Dermatology
47701203992;Larita;Senger;QKWjucKmZM@example.com;919918051;Apr 21 1970;8846 Wilkinson Stream;0;Ophthalmology
64505010150;Antione;Auer;xgyFMiZHgc@example.com;972537551;Oct 1 1932;7431 Janel Place;1;Emergency medicine
73603505191;Elvie;Runte;tOMeMCUgPA@example.com;203808538;Aug 16 1984;7787 Kristopher Junction;0;Urology
49811363803;Berry;Mohr;UbJXTamMhp@example.com;972891842;Apr 25 1983;6636 Yulanda Light;0;Nuclear medicine
25280119291;Glayds;Jenkins;iCtKPLezCl@example.com;555391579;Jun 9 1957;6723 Porfirio Mall;1;Diagnostic radiology
35134957838;Jenette;Shanahan;oClgfqHUsm@example.com;807625570;Jul 28 1973;2436 Maye Port;0;Surgery
64763796228;Bula;Dibbert;OUbwWXzJwS@example.com;519252405;Feb 21 1951;00317 Monty Pine;0;Diagnostic radiology
29383362643;Willian;Jerde;kXjUZnbRWo@example.com;279692257;Feb 4 1995;3426 Marcelle Landing;1;Preventive medicine
85575722907;Sanora;Barrows;nBfzrYJDlW@example.com;586136996;Nov 26 2003;16214 Schmitt Street;0;Ophthalmology
12542212271;Thao;Dach;IrGfqovEhp@example.com;192944332;Jul 27 1986;845 Bob Prairie;1;Ophthalmology
41767941798;Evangelina;Gleason;SpnhAkRpAP@example.com;889717317;Feb 23 1986;390 Deckow Square;0;Internal medicine
91966933758;Samira;Halvorson;fGEsoPhJlO@example.com;179117565;Apr 22 1931;80183 Arlie Vista;1;Anesthesiology
62165752347;Pasquale;Bode;NDZMLDcJHe@example.com;263028989;Jul 21 1931;95836 Aufderhar Vista;0;Family medicine
26601301700;Veta;Vandervort;EqiymQzuwb@example.com;141988644;May 6 2000;347 Kreiger Field;0;Dermatology
76014031252;Jesus;Kihn;mIKYLxsajq@example.com;968144615;Aug 21 2018;4442 Nicola Ramp;0;Pathology
63935194516;Hanh;Runolfsdottir;XbJekQsfPF@example.com;385786285;Nov 25 1928;6797 Ondricka Keys;0;Radiation oncology
84652552940;Octavia;Cormier;wDuCxnWQdW@example.com;740351859;Nov 28 1962;0970 Brandee Rest;1;Pathology
24927538844;Ethyl;Berge;znLpMxGaci@example.com;550919042;Jul 30 1935;8773 Lonnie Mission;1;Obstetrics and gynecology
82663282775;Mei;Lind;AQSmslykVC@example.com;553537448;Dec 21 1973;9233 Damon Mills;1;Preventive medicine
47184512826;Pamela;Miller;SPqOEXNjax@example.com;600271007;Oct 26 1986;99587 Mitchell Ford;1;Pathology
41269238915;Jennefer;Bashirian;JeBmYTSfgm@example.com;107519283;Aug 7 1954;4895 Hettinger Plains;0;Allergy and immunology
15696997570;Danae;Conroy;owRYWEziGY@example.com;858946670;Jul 14 1929;2352 Blick Grove;1;Urology
93600180297;Shavon;Brakus;VkjiakzBBy@example.com;190987326;Nov 14 1998;26171 Gleason Street;1;Anesthesiology
34981520994;Amina;Jenkins;tZiBrmsBRz@example.com;313307633;Mar 1 1982;66978 Jason Radial;1;Family medicine
40770092410;Michel;Kshlerin;GIemBWJSpq@example.com;869890183;Aug 15 1937;37480 Kerluke Parks;1;Surgery
25055846930;Bette;Stiedemann;LLFOrdhxrT@example.com;290284050;Apr 28 2012;00699 Deangelo Ports;1;Medical genetics
68587772736;Long;Feil;xlmhfsJUrN@example.com;696117788;Dec 6 1967;755 Strosin Views;0;Family medicine
57262154355;Marquetta;Bernhard;EaaxeABHFc@example.com;626350643;Jan 6 2010;06428 Howe Drive;0;Pathology
44635341573;Paris;Braun;MohbNinyOy@example.com;457798703;Jun 10 1937;969 Kassulke Brooks;0;Nuclear medicine
62657904074;Dalton;Paucek;NYxQjkmnGl@example.com;796615699;Sep 7 1955;22215 Emil Isle;1;Medical genetics
95149429813;Cris;O'Reilly;IPsMCingIy@example.com;329511113;Feb 13 1973;34251 Mosciski Manor;1;Medical genetics
40178632029;Vaughn;Luettgen;vqZTTrkbRd@example.com;928487483;Jul 22 1928;2921 Hartmann Highway;0;Physical medicine and rehabilitation
67709993054;Lyle;Funk;UznDbGbSrP@example.com;379146728;Mar 8 1983;88999 Mikaela Wells;1;Physical medicine and rehabilitation
17984229500;Susan;Hills;aDYwhIZfZk@example.com;748906450;Dec 9 2002;1103 Loriann Loaf;1;Anesthesiology
66612633066;Jennine;Mohr;VkmroIfjfT@example.com;820880284;Oct 1 1983;334 DuBuque Shore;0;Emergency medicine
44151837729;Gilberte;Pfeffer;ByiaQgqGGO@example.com;456768586;Feb 24 1972;1458 Feil Harbor;0;Radiation oncology
55791518447;Cristi;Hoeger;lKFdbNfaEj@example.com;882745321;May 21 1959;6834 Wiza Plaza;1;Internal medicine
41502622267;Jinny;Von;RbTKSCGELw@example.com;840126822;Aug 2 1982;67403 Aida Pine;1;Radiation oncology
35069185487;Freeman;Skiles;gtGYjkPNKs@example.com;749325279;Jun 13 1942;62085 Geraldo Spurs;1;Diagnostic radiology
76039319496;Trinidad;Kohler;RaKiRsOKtt@example.com;470272893;Jul 27 2006;288 Pacocha Square;1;Nuclear medicine
53796831506;Marlen;Stamm;MziNIimGyM@example.com;616114115;Aug 28 1940;793 Erick Meadow;0;Medical genetics
57027614854;Aurore;Walter;kwliksDgYq@example.com;506748234;May 23 1942;679 Cary Village;0;Neurology
35724790477;Wilbur;Doyle;udYvntqDXM@example.com;461844486;May 6 1957;54477 McLaughlin Village;0;Neurology
67565192356;Tanner;O'Kon;QQivbSRBhY@example.com;789637271;May 30 2007;18021 Spinka Run;0;Urology
62761783155;Kourtney;Koelpin;wBhshSFxaa@example.com;977788367;Aug 12 1961;20245 Streich Summit;0;Diagnostic radiology
44888920067;Broderick;Morissette;PuBXNkEQYQ@example.com;611221502;Jun 10 1982;1570 Lucien Springs;1;Diagnostic radiology
45212940659;Murray;Kozey;XIjcGXhIru@example.com;356622033;Apr 7 1991;1851 Beer Loaf;0;Anesthesiology
73243649560;Christeen;Adams;wGgunvvlZE@example.com;524455123;Jan 19 1939;2178 Harber Mills;0;Emergency medicine
50087834333;Erin;Denesik;hOctFGymLp@example.com;917661987;Jan 13 1993;3002 Ortiz Stravenue;1;Preventive medicine
14529649064;Leonila;Medhurst;nviVnkhZjz@example.com;137795492;Jan 12 2014;27426 Ethelyn Mountains;0;Anesthesiology
55369808870;Vincenzo;Ferry;SvgtRYiMpK@example.com;282376003;Jul 31 1937;053 Schamberger Turnpike;1;Pathology
72314971639;Mindy;Hayes;ESdYjtbKum@example.com;175347179;Nov 11 2016;7642 Darrin Brooks;1;Allergy and immunology
83479106588;Rebbeca;Wilderman;xkxKZPwyYg@example.com;723736762;Jul 19 1933;2570 Pamila Track;0;Nuclear medicine
36184244994;Maple;Schiller;XSpDfIdWmA@example.com;840359311;Dec 29 2011;8956 Veda Motorway;0;Urology
93222819617;Etta;Witting;cEwCKzFkxS@example.com;871578732;Aug 10 1966;48653 Crooks Prairie;0;Anesthesiology
37872328428;Lionel;Dickinson;SSGzORBdKg@example.com;998893609;Oct 29 1971;15657 McKenzie Mountain;0;Neurology
81235956130;Lynn;Donnelly;spTGeqxdbf@example.com;281064290;Jun 14 1942;991 Turcotte Avenue;1;Physical medicine and rehabilitation
27328400220;Waneta;Rodriguez;txRwVRNPiV@example.com;885658476;Nov 26 1990;341 Daniel Loop;0;Anesthesiology
37621711269;Evan;Ziemann;BvlukXOuUL@example.com;734239844;Feb 24 1998;8209 Genevive Brooks;0;Ophthalmology
57959661925;Arnoldo;McClure;qjESUmtlCM@example.com;444580311;Feb 16 2010;79092 Denny Tunnel;1;Radiation oncology
43273915549;Wyatt;Yost;qivtVzktQL@example.com;253503668;Jul 21 1961;43458 Witting Lake;1;Obstetrics and gynecology
97408165416;Claribel;Jones;DnQGtPRQom@example.com;289427177;Feb 25 2019;31980 Hartmann Loop;0;Psychiatry
10643201445;Reggie;Mueller;pyCQiXBybV@example.com;629435946;Dec 19 1961;942 Howell Causeway;1;Urology
60511252745;Jolanda;Pagac;RvVoeAkZoo@example.com;274983884;Oct 24 1930;115 Wiley Dam;0;Dermatology
72338844771;Adeline;Greenholt;gcRWElRHNH@example.com;327930939;Oct 3 1963;72270 Neal Estates;0;Allergy and immunology
53826660244;Verlie;Daniel;jcjRochnLw@example.com;202865570;Aug 12 1942;989 Russell Inlet;1;Emergency medicine
25975861127;Etsuko;Rogahn;oenSmtFKbz@example.com;933708830;Mar 30 1948;7691 Zachariah Oval;0;Emergency medicine
37380346824;Yetta;Larkin;ZcCEuSrkuB@example.com;694715091;Oct 6 2007;46915 Kulas Manors;1;Obstetrics and gynecology
57466139390;Delmer;Balistreri;pbxUOIdNeZ@example.com;785048949;Jan 20 1981;43867 Braun Valleys;0;Urology
87633415326;Benedict;Boehm;UeBmqeIGks@example.com;458080399;Oct 26 1974;009 Tinisha Creek;1;Ophthalmology
19009193692;Cruz;Parisian;iqDEwQKPuv@example.com;350584615;Jun 1 1939;48562 Filiberto Drive;1;Pathology
46197099101;Lemuel;Waters;rHkXdGjTAo@example.com;621156034;Mar 16 1932;58225 Juliette Street;1;Ophthalmology
56235520052;Doria;Wisoky;bMydzYUgiy@example.com;707228143;Nov 23 1982;041 Donald Walks;0;Allergy and immunology
98510944383;Saul;McKenzie;FRFlPrmSLE@example.com;667925508;Mar 12 1965;50918 Rohan Mount;1;Emergency medicine
97013692861;Jed;Wiza;DGHrBWChap@example.com;617678620;Mar 19 1962;04245 Beahan Mission;1;Anesthesiology
44738266444;Shera;Prohaska;dJNiQsIkuf@example.com;551727922;Dec 7 1989;5179 Gleichner Ville;0;Obstetrics and gynecology
81368651267;Earle;Padberg;KMdacgcliP@example.com;196385893;Oct 26 1988;89507 Bryon Grove;1;Ophthalmology
56159213751;Oma;Okuneva;DrLzVFabTI@example.com;274185094;Mar 17 1966;342 Ted Shoals;1;Pathology
45048692476;Clelia;Dibbert;WivqLCazZP@example.com;879968170;Mar 18 1997;91996 Murray Ranch;1;Psychiatry
73419856855;Merideth;Nicolas;UtxlXPlVrP@example.com;609343371;Sep 28 1935;70192 Gutmann Ville;0;Pediatrics
85044037371;Karissa;Waelchi;jNPpyydFsJ@example.com;114944263;Feb 24 1995;29507 Beatriz Stravenue;1;Emergency medicine
65257706056;Jame;Witting;RbzVQXXOEd@example.com;482015066;Jun 17 1944;92908 Darleen Prairie;1;Dermatology
87349397908;Madge;Robel;xCaqvHmCEP@example.com;103823826;Sep 13 1965;108 Cruickshank Plaza;0;Psychiatry
22852154867;Michal;Littel;ZSLlotQBWK@example.com;779647388;Oct 3 1964;5485 Eusebia Street;0;Physical medicine and rehabilitation
66523724542;Emilie;Hauck;nDOPGiLLyD@example.com;389772499;Oct 5 1996;37673 Darwin Meadows;1;Ophthalmology
33099456278;Briana;Hackett;BnOmFwugGj@example.com;105111981;Mar 9 1947;0300 Wilkinson Fields;1;Psychiatry
14139436343;Jonathan;Pagac;FxaWUxhlex@example.com;881860449;Feb 21 1965;11708 Greenholt Way;0;Radiation oncology
84831956865;Anderson;Hettinger;ApGZaoODkV@example.com;534010915;Jan 25 1998;682 Maryrose Shore;0;Urology
16495207622;Dwain;Beahan;GFFExTJOPu@example.com;845688208;Dec 3 1964;022 Dare Lights;1;Psychiatry
31445109180;Debra;Raynor;QVndKsRhRs@example.com;380737865;Feb 3 2003;09853 Katerine Rapids;0;Obstetrics and gynecology
27635037397;Vernie;Beatty;bFplRAbYNm@example.com;414837571;Oct 27 1930;4262 Konopelski Fort;1;Psychiatry
63836977930;Ginny;Larson;abxChtDTDg@example.com;296433236;Oct 8 2017;85910 Annamae Ferry;1;Allergy and immunology
